-- phpMyAdmin SQL Dump
-- version 5.2.1
-- https://www.phpmyadmin.net/
--
-- Host: 127.0.0.1
-- Waktu pembuatan: 27 Jul 2025 pada 03.19
-- Versi server: 10.4.32-MariaDB
-- Versi PHP: 8.2.12

SET SQL_MODE = "NO_AUTO_VALUE_ON_ZERO";
START TRANSACTION;
SET time_zone = "+00:00";


/*!40101 SET @OLD_CHARACTER_SET_CLIENT=@@CHARACTER_SET_CLIENT */;
/*!40101 SET @OLD_CHARACTER_SET_RESULTS=@@CHARACTER_SET_RESULTS */;
/*!40101 SET @OLD_COLLATION_CONNECTION=@@COLLATION_CONNECTION */;
/*!40101 SET NAMES utf8mb4 */;

--
-- Database: `ticketing`
--

-- --------------------------------------------------------

--
-- Struktur dari tabel `balance_transactions`
--

CREATE TABLE `balance_transactions` (
  `id` int(11) NOT NULL,
  `user_id` int(11) NOT NULL,
  `transaction_type` enum('topup','purchase','refund','adjustment') NOT NULL,
  `amount` decimal(10,2) NOT NULL,
  `related_order_id` int(11) DEFAULT NULL,
  `description` text DEFAULT NULL,
  `transaction_date` timestamp NOT NULL DEFAULT current_timestamp()
) ENGINE=InnoDB DEFAULT CHARSET=utf8mb4 COLLATE=utf8mb4_general_ci;

--
-- Dumping data untuk tabel `balance_transactions`
--

INSERT INTO `balance_transactions` (`id`, `user_id`, `transaction_type`, `amount`, `related_order_id`, `description`, `transaction_date`) VALUES
(15, 37, 'topup', 99999999.99, NULL, 'Top-up saldo sebesar Rp 50.000.000.000,00', '2025-07-21 03:28:01'),
(16, 37, 'purchase', 1100000.00, 33, 'Pembelian 1 tiket pesawat (Batik Air). Kursi: 1', '2025-07-21 03:28:18'),
(17, 37, 'purchase', 350000.00, 34, 'Pembelian 1 tiket Kapal (KM Kelud). Kursi: 2', '2025-07-21 03:28:49'),
(18, 37, 'purchase', 350000.00, 35, 'Pembelian 1 tiket kereta (Taksaka). Kursi: 3', '2025-07-21 03:29:12'),
(19, 37, 'purchase', 6720000.00, 36, 'Sewa Kendaraan \"Jogja Trans Service\" — 8 hari + driver', '2025-07-21 03:29:52'),
(20, 37, 'purchase', 9000000.00, 37, 'Penginapan \"Resort Bukit Indah\" — 2 kamar, 5 malam (2025-07-25→2025-07-30)', '2025-07-21 03:30:30'),
(21, 37, 'purchase', 4500000.00, 38, 'Penginapan \"Resort Bukit Indah\" — 1 kamar, 5 malam (2025-07-25→2025-07-30)', '2025-07-21 03:33:16');

-- --------------------------------------------------------

--
-- Struktur dari tabel `orders`
--

CREATE TABLE `orders` (
  `id` int(11) NOT NULL,
  `user_id` int(11) NOT NULL,
  `ticket_id` int(11) NOT NULL,
  `quantity` int(11) NOT NULL DEFAULT 1,
  `seat_number` varchar(10) NOT NULL,
  `customer_name` varchar(100) NOT NULL,
  `customer_phone` varchar(20) NOT NULL,
  `customer_email` varchar(100) NOT NULL,
  `customer_address` text NOT NULL,
  `total_price_at_purchase` decimal(10,2) NOT NULL DEFAULT 0.00 COMMENT 'Price of one ticket unit at the time of purchase',
  `order_status` enum('booked','cancelled','completed') NOT NULL DEFAULT 'booked',
  `order_date` timestamp NOT NULL DEFAULT current_timestamp(),
  `cancelled_at` timestamp NULL DEFAULT NULL,
  `status` enum('pending','confirmed','cancelled') DEFAULT 'pending',
  `check_in` datetime DEFAULT NULL,
  `check_out` datetime DEFAULT NULL,
  `rental_start` datetime DEFAULT NULL,
  `rental_end` datetime DEFAULT NULL
) ENGINE=InnoDB DEFAULT CHARSET=utf8mb4 COLLATE=utf8mb4_general_ci;

--
-- Dumping data untuk tabel `orders`
--

INSERT INTO `orders` (`id`, `user_id`, `ticket_id`, `quantity`, `seat_number`, `customer_name`, `customer_phone`, `customer_email`, `customer_address`, `total_price_at_purchase`, `order_status`, `order_date`, `cancelled_at`, `status`, `check_in`, `check_out`, `rental_start`, `rental_end`) VALUES
(33, 37, 36, 1, '1', 'gilang', '765756', 'ghf@ghfh.hj', 'dfgfd', 1100000.00, 'booked', '2025-07-21 03:28:18', NULL, 'pending', NULL, NULL, NULL, NULL),
(34, 37, 39, 1, '2', 'adib', '4353534', 'fgd@ghfgh.ghjgh', 'ghjgjg', 350000.00, 'booked', '2025-07-21 03:28:49', NULL, 'pending', NULL, NULL, NULL, NULL),
(35, 37, 42, 1, '3', 'anggi', '67657', 'fghf@gfghgfh.ghjgh', 'hfhfh', 350000.00, 'booked', '2025-07-21 03:29:12', NULL, 'pending', NULL, NULL, NULL, NULL),
(36, 37, 48, 1, 'N/A', 'lia', '43534', 'fdgdgf@fdgdh.fghgfh', 'fhfghfg', 6720000.00, 'booked', '2025-07-21 03:29:52', NULL, 'pending', NULL, NULL, '2025-07-22 10:29:00', '2025-07-30 10:29:00'),
(37, 37, 45, 2, 'N/A', 'putu', '5646456', 'sdfsd@fdgdfg.fghf', 'qq', 9000000.00, 'booked', '2025-07-21 03:30:30', NULL, 'pending', '2025-07-25 00:00:00', '2025-07-30 00:00:00', NULL, NULL),
(38, 37, 45, 1, 'N/A', 'gilang', '6554654', 'sgsfg@sdfs.dfgdf', 'fhghfg', 4500000.00, 'booked', '2025-07-21 03:33:16', NULL, 'pending', '2025-07-25 00:00:00', '2025-07-30 00:00:00', NULL, NULL);

-- --------------------------------------------------------

--
-- Struktur dari tabel `pengaduan`
--

CREATE TABLE `pengaduan` (
  `id` int(11) NOT NULL,
  `nama_lengkap` varchar(100) NOT NULL,
  `kontak` varchar(100) NOT NULL,
  `tanggal_pemesanan` date NOT NULL,
  `jenis_tiket` enum('pesawat','kapal','kereta','penginapan','kendaraan','event','lainnya') NOT NULL,
  `nama_penumpang` varchar(100) NOT NULL,
  `jenis_pengaduan` enum('Tiket tidak diterima','Pembayaran gagal tapi saldo terpotong','Kesalahan data tiket','Perubahan jadwal sepihak','Pembatalan sepihak','Tiket tidak dapat digunakan saat hari H','Layanan CS tidak responsif') NOT NULL,
  `deskripsi` text NOT NULL,
  `harapan` varchar(255) NOT NULL,
  `submitted_at` timestamp NOT NULL DEFAULT current_timestamp()
) ENGINE=InnoDB DEFAULT CHARSET=utf8mb4 COLLATE=utf8mb4_general_ci;

-- --------------------------------------------------------

--
-- Struktur dari tabel `seats`
--

CREATE TABLE `seats` (
  `id` int(11) NOT NULL,
  `ticket_id` int(11) NOT NULL,
  `seat_number` varchar(10) NOT NULL,
  `is_booked` tinyint(1) NOT NULL DEFAULT 0,
  `order_id` int(11) DEFAULT NULL
) ENGINE=InnoDB DEFAULT CHARSET=utf8mb4 COLLATE=utf8mb4_general_ci;

--
-- Dumping data untuk tabel `seats`
--

INSERT INTO `seats` (`id`, `ticket_id`, `seat_number`, `is_booked`, `order_id`) VALUES
(531, 34, '1', 0, NULL),
(532, 34, '2', 0, NULL),
(533, 34, '3', 0, NULL),
(534, 34, '4', 0, NULL),
(535, 34, '5', 0, NULL),
(536, 34, '6', 0, NULL),
(537, 34, '7', 0, NULL),
(538, 34, '8', 0, NULL),
(539, 34, '9', 0, NULL),
(540, 34, '10', 0, NULL),
(541, 34, '11', 0, NULL),
(542, 34, '12', 0, NULL),
(543, 34, '13', 0, NULL),
(544, 34, '14', 0, NULL),
(545, 34, '15', 0, NULL),
(546, 34, '16', 0, NULL),
(547, 34, '17', 0, NULL),
(548, 34, '18', 0, NULL),
(549, 34, '19', 0, NULL),
(550, 34, '20', 0, NULL),
(551, 34, '21', 0, NULL),
(552, 34, '22', 0, NULL),
(553, 34, '23', 0, NULL),
(554, 34, '24', 0, NULL),
(555, 34, '25', 0, NULL),
(556, 34, '26', 0, NULL),
(557, 34, '27', 0, NULL),
(558, 34, '28', 0, NULL),
(559, 34, '29', 0, NULL),
(560, 34, '30', 0, NULL),
(561, 34, '31', 0, NULL),
(562, 34, '32', 0, NULL),
(563, 34, '33', 0, NULL),
(564, 34, '34', 0, NULL),
(565, 34, '35', 0, NULL),
(566, 34, '36', 0, NULL),
(567, 34, '37', 0, NULL),
(568, 34, '38', 0, NULL),
(569, 34, '39', 0, NULL),
(570, 34, '40', 0, NULL),
(571, 34, '41', 0, NULL),
(572, 34, '42', 0, NULL),
(573, 34, '43', 0, NULL),
(574, 34, '44', 0, NULL),
(575, 34, '45', 0, NULL),
(576, 34, '46', 0, NULL),
(577, 34, '47', 0, NULL),
(578, 34, '48', 0, NULL),
(579, 34, '49', 0, NULL),
(580, 34, '50', 0, NULL),
(581, 35, '1', 0, NULL),
(582, 35, '2', 0, NULL),
(583, 35, '3', 0, NULL),
(584, 35, '4', 0, NULL),
(585, 35, '5', 0, NULL),
(586, 35, '6', 0, NULL),
(587, 35, '7', 0, NULL),
(588, 35, '8', 0, NULL),
(589, 35, '9', 0, NULL),
(590, 35, '10', 0, NULL),
(591, 35, '11', 0, NULL),
(592, 35, '12', 0, NULL),
(593, 35, '13', 0, NULL),
(594, 35, '14', 0, NULL),
(595, 35, '15', 0, NULL),
(596, 35, '16', 0, NULL),
(597, 35, '17', 0, NULL),
(598, 35, '18', 0, NULL),
(599, 35, '19', 0, NULL),
(600, 35, '20', 0, NULL),
(601, 35, '21', 0, NULL),
(602, 35, '22', 0, NULL),
(603, 35, '23', 0, NULL),
(604, 35, '24', 0, NULL),
(605, 35, '25', 0, NULL),
(606, 35, '26', 0, NULL),
(607, 35, '27', 0, NULL),
(608, 35, '28', 0, NULL),
(609, 35, '29', 0, NULL),
(610, 35, '30', 0, NULL),
(611, 35, '31', 0, NULL),
(612, 35, '32', 0, NULL),
(613, 35, '33', 0, NULL),
(614, 35, '34', 0, NULL),
(615, 35, '35', 0, NULL),
(616, 35, '36', 0, NULL),
(617, 35, '37', 0, NULL),
(618, 35, '38', 0, NULL),
(619, 35, '39', 0, NULL),
(620, 35, '40', 0, NULL),
(621, 35, '41', 0, NULL),
(622, 35, '42', 0, NULL),
(623, 35, '43', 0, NULL),
(624, 35, '44', 0, NULL),
(625, 35, '45', 0, NULL),
(626, 35, '46', 0, NULL),
(627, 35, '47', 0, NULL),
(628, 35, '48', 0, NULL),
(629, 35, '49', 0, NULL),
(630, 35, '50', 0, NULL),
(631, 36, '1', 1, 33),
(632, 36, '2', 0, NULL),
(633, 36, '3', 0, NULL),
(634, 36, '4', 0, NULL),
(635, 36, '5', 0, NULL),
(636, 36, '6', 0, NULL),
(637, 36, '7', 0, NULL),
(638, 36, '8', 0, NULL),
(639, 36, '9', 0, NULL),
(640, 36, '10', 0, NULL),
(641, 36, '11', 0, NULL),
(642, 36, '12', 0, NULL),
(643, 36, '13', 0, NULL),
(644, 36, '14', 0, NULL),
(645, 36, '15', 0, NULL),
(646, 36, '16', 0, NULL),
(647, 36, '17', 0, NULL),
(648, 36, '18', 0, NULL),
(649, 36, '19', 0, NULL),
(650, 36, '20', 0, NULL),
(651, 36, '21', 0, NULL),
(652, 36, '22', 0, NULL),
(653, 36, '23', 0, NULL),
(654, 36, '24', 0, NULL),
(655, 36, '25', 0, NULL),
(656, 36, '26', 0, NULL),
(657, 36, '27', 0, NULL),
(658, 36, '28', 0, NULL),
(659, 36, '29', 0, NULL),
(660, 36, '30', 0, NULL),
(661, 36, '31', 0, NULL),
(662, 36, '32', 0, NULL),
(663, 36, '33', 0, NULL),
(664, 36, '34', 0, NULL),
(665, 36, '35', 0, NULL),
(666, 36, '36', 0, NULL),
(667, 36, '37', 0, NULL),
(668, 36, '38', 0, NULL),
(669, 36, '39', 0, NULL),
(670, 36, '40', 0, NULL),
(671, 36, '41', 0, NULL),
(672, 36, '42', 0, NULL),
(673, 36, '43', 0, NULL),
(674, 36, '44', 0, NULL),
(675, 36, '45', 0, NULL),
(676, 36, '46', 0, NULL),
(677, 36, '47', 0, NULL),
(678, 36, '48', 0, NULL),
(679, 36, '49', 0, NULL),
(680, 36, '50', 0, NULL),
(681, 37, '1', 0, NULL),
(682, 37, '2', 0, NULL),
(683, 37, '3', 0, NULL),
(684, 37, '4', 0, NULL),
(685, 37, '5', 0, NULL),
(686, 37, '6', 0, NULL),
(687, 37, '7', 0, NULL),
(688, 37, '8', 0, NULL),
(689, 37, '9', 0, NULL),
(690, 37, '10', 0, NULL),
(691, 37, '11', 0, NULL),
(692, 37, '12', 0, NULL),
(693, 37, '13', 0, NULL),
(694, 37, '14', 0, NULL),
(695, 37, '15', 0, NULL),
(696, 37, '16', 0, NULL),
(697, 37, '17', 0, NULL),
(698, 37, '18', 0, NULL),
(699, 37, '19', 0, NULL),
(700, 37, '20', 0, NULL),
(701, 37, '21', 0, NULL),
(702, 37, '22', 0, NULL),
(703, 37, '23', 0, NULL),
(704, 37, '24', 0, NULL),
(705, 37, '25', 0, NULL),
(706, 37, '26', 0, NULL),
(707, 37, '27', 0, NULL),
(708, 37, '28', 0, NULL),
(709, 37, '29', 0, NULL),
(710, 37, '30', 0, NULL),
(711, 37, '31', 0, NULL),
(712, 37, '32', 0, NULL),
(713, 37, '33', 0, NULL),
(714, 37, '34', 0, NULL),
(715, 37, '35', 0, NULL),
(716, 37, '36', 0, NULL),
(717, 37, '37', 0, NULL),
(718, 37, '38', 0, NULL),
(719, 37, '39', 0, NULL),
(720, 37, '40', 0, NULL),
(721, 37, '41', 0, NULL),
(722, 37, '42', 0, NULL),
(723, 37, '43', 0, NULL),
(724, 37, '44', 0, NULL),
(725, 37, '45', 0, NULL),
(726, 37, '46', 0, NULL),
(727, 37, '47', 0, NULL),
(728, 37, '48', 0, NULL),
(729, 37, '49', 0, NULL),
(730, 37, '50', 0, NULL),
(731, 37, '51', 0, NULL),
(732, 37, '52', 0, NULL),
(733, 37, '53', 0, NULL),
(734, 37, '54', 0, NULL),
(735, 37, '55', 0, NULL),
(736, 37, '56', 0, NULL),
(737, 37, '57', 0, NULL),
(738, 37, '58', 0, NULL),
(739, 37, '59', 0, NULL),
(740, 37, '60', 0, NULL),
(741, 37, '61', 0, NULL),
(742, 37, '62', 0, NULL),
(743, 37, '63', 0, NULL),
(744, 37, '64', 0, NULL),
(745, 37, '65', 0, NULL),
(746, 37, '66', 0, NULL),
(747, 37, '67', 0, NULL),
(748, 37, '68', 0, NULL),
(749, 37, '69', 0, NULL),
(750, 37, '70', 0, NULL),
(751, 37, '71', 0, NULL),
(752, 37, '72', 0, NULL),
(753, 37, '73', 0, NULL),
(754, 37, '74', 0, NULL),
(755, 37, '75', 0, NULL),
(756, 37, '76', 0, NULL),
(757, 37, '77', 0, NULL),
(758, 37, '78', 0, NULL),
(759, 37, '79', 0, NULL),
(760, 37, '80', 0, NULL),
(761, 37, '81', 0, NULL),
(762, 37, '82', 0, NULL),
(763, 37, '83', 0, NULL),
(764, 37, '84', 0, NULL),
(765, 37, '85', 0, NULL),
(766, 37, '86', 0, NULL),
(767, 37, '87', 0, NULL),
(768, 37, '88', 0, NULL),
(769, 37, '89', 0, NULL),
(770, 37, '90', 0, NULL),
(771, 37, '91', 0, NULL),
(772, 37, '92', 0, NULL),
(773, 37, '93', 0, NULL),
(774, 37, '94', 0, NULL),
(775, 37, '95', 0, NULL),
(776, 37, '96', 0, NULL),
(777, 37, '97', 0, NULL),
(778, 37, '98', 0, NULL),
(779, 37, '99', 0, NULL),
(780, 37, '100', 0, NULL),
(781, 38, '1', 0, NULL),
(782, 38, '2', 0, NULL),
(783, 38, '3', 0, NULL),
(784, 38, '4', 0, NULL),
(785, 38, '5', 0, NULL),
(786, 38, '6', 0, NULL),
(787, 38, '7', 0, NULL),
(788, 38, '8', 0, NULL),
(789, 38, '9', 0, NULL),
(790, 38, '10', 0, NULL),
(791, 38, '11', 0, NULL),
(792, 38, '12', 0, NULL),
(793, 38, '13', 0, NULL),
(794, 38, '14', 0, NULL),
(795, 38, '15', 0, NULL),
(796, 38, '16', 0, NULL),
(797, 38, '17', 0, NULL),
(798, 38, '18', 0, NULL),
(799, 38, '19', 0, NULL),
(800, 38, '20', 0, NULL),
(801, 38, '21', 0, NULL),
(802, 38, '22', 0, NULL),
(803, 38, '23', 0, NULL),
(804, 38, '24', 0, NULL),
(805, 38, '25', 0, NULL),
(806, 38, '26', 0, NULL),
(807, 38, '27', 0, NULL),
(808, 38, '28', 0, NULL),
(809, 38, '29', 0, NULL),
(810, 38, '30', 0, NULL),
(811, 38, '31', 0, NULL),
(812, 38, '32', 0, NULL),
(813, 38, '33', 0, NULL),
(814, 38, '34', 0, NULL),
(815, 38, '35', 0, NULL),
(816, 38, '36', 0, NULL),
(817, 38, '37', 0, NULL),
(818, 38, '38', 0, NULL),
(819, 38, '39', 0, NULL),
(820, 38, '40', 0, NULL),
(821, 38, '41', 0, NULL),
(822, 38, '42', 0, NULL),
(823, 38, '43', 0, NULL),
(824, 38, '44', 0, NULL),
(825, 38, '45', 0, NULL),
(826, 38, '46', 0, NULL),
(827, 38, '47', 0, NULL),
(828, 38, '48', 0, NULL),
(829, 38, '49', 0, NULL),
(830, 38, '50', 0, NULL),
(831, 38, '51', 0, NULL),
(832, 38, '52', 0, NULL),
(833, 38, '53', 0, NULL),
(834, 38, '54', 0, NULL),
(835, 38, '55', 0, NULL),
(836, 38, '56', 0, NULL),
(837, 38, '57', 0, NULL),
(838, 38, '58', 0, NULL),
(839, 38, '59', 0, NULL),
(840, 38, '60', 0, NULL),
(841, 38, '61', 0, NULL),
(842, 38, '62', 0, NULL),
(843, 38, '63', 0, NULL),
(844, 38, '64', 0, NULL),
(845, 38, '65', 0, NULL),
(846, 38, '66', 0, NULL),
(847, 38, '67', 0, NULL),
(848, 38, '68', 0, NULL),
(849, 38, '69', 0, NULL),
(850, 38, '70', 0, NULL),
(851, 38, '71', 0, NULL),
(852, 38, '72', 0, NULL),
(853, 38, '73', 0, NULL),
(854, 38, '74', 0, NULL),
(855, 38, '75', 0, NULL),
(856, 38, '76', 0, NULL),
(857, 38, '77', 0, NULL),
(858, 38, '78', 0, NULL),
(859, 38, '79', 0, NULL),
(860, 38, '80', 0, NULL),
(861, 38, '81', 0, NULL),
(862, 38, '82', 0, NULL),
(863, 38, '83', 0, NULL),
(864, 38, '84', 0, NULL),
(865, 38, '85', 0, NULL),
(866, 38, '86', 0, NULL),
(867, 38, '87', 0, NULL),
(868, 38, '88', 0, NULL),
(869, 38, '89', 0, NULL),
(870, 38, '90', 0, NULL),
(871, 38, '91', 0, NULL),
(872, 38, '92', 0, NULL),
(873, 38, '93', 0, NULL),
(874, 38, '94', 0, NULL),
(875, 38, '95', 0, NULL),
(876, 38, '96', 0, NULL),
(877, 38, '97', 0, NULL),
(878, 38, '98', 0, NULL),
(879, 38, '99', 0, NULL),
(880, 38, '100', 0, NULL),
(881, 39, '1', 0, NULL),
(882, 39, '2', 1, 34),
(883, 39, '3', 0, NULL),
(884, 39, '4', 0, NULL),
(885, 39, '5', 0, NULL),
(886, 39, '6', 0, NULL),
(887, 39, '7', 0, NULL),
(888, 39, '8', 0, NULL),
(889, 39, '9', 0, NULL),
(890, 39, '10', 0, NULL),
(891, 39, '11', 0, NULL),
(892, 39, '12', 0, NULL),
(893, 39, '13', 0, NULL),
(894, 39, '14', 0, NULL),
(895, 39, '15', 0, NULL),
(896, 39, '16', 0, NULL),
(897, 39, '17', 0, NULL),
(898, 39, '18', 0, NULL),
(899, 39, '19', 0, NULL),
(900, 39, '20', 0, NULL),
(901, 39, '21', 0, NULL),
(902, 39, '22', 0, NULL),
(903, 39, '23', 0, NULL),
(904, 39, '24', 0, NULL),
(905, 39, '25', 0, NULL),
(906, 39, '26', 0, NULL),
(907, 39, '27', 0, NULL),
(908, 39, '28', 0, NULL),
(909, 39, '29', 0, NULL),
(910, 39, '30', 0, NULL),
(911, 39, '31', 0, NULL),
(912, 39, '32', 0, NULL),
(913, 39, '33', 0, NULL),
(914, 39, '34', 0, NULL),
(915, 39, '35', 0, NULL),
(916, 39, '36', 0, NULL),
(917, 39, '37', 0, NULL),
(918, 39, '38', 0, NULL),
(919, 39, '39', 0, NULL),
(920, 39, '40', 0, NULL),
(921, 39, '41', 0, NULL),
(922, 39, '42', 0, NULL),
(923, 39, '43', 0, NULL),
(924, 39, '44', 0, NULL),
(925, 39, '45', 0, NULL),
(926, 39, '46', 0, NULL),
(927, 39, '47', 0, NULL),
(928, 39, '48', 0, NULL),
(929, 39, '49', 0, NULL),
(930, 39, '50', 0, NULL),
(931, 39, '51', 0, NULL),
(932, 39, '52', 0, NULL),
(933, 39, '53', 0, NULL),
(934, 39, '54', 0, NULL),
(935, 39, '55', 0, NULL),
(936, 39, '56', 0, NULL),
(937, 39, '57', 0, NULL),
(938, 39, '58', 0, NULL),
(939, 39, '59', 0, NULL),
(940, 39, '60', 0, NULL),
(941, 39, '61', 0, NULL),
(942, 39, '62', 0, NULL),
(943, 39, '63', 0, NULL),
(944, 39, '64', 0, NULL),
(945, 39, '65', 0, NULL),
(946, 39, '66', 0, NULL),
(947, 39, '67', 0, NULL),
(948, 39, '68', 0, NULL),
(949, 39, '69', 0, NULL),
(950, 39, '70', 0, NULL),
(951, 39, '71', 0, NULL),
(952, 39, '72', 0, NULL),
(953, 39, '73', 0, NULL),
(954, 39, '74', 0, NULL),
(955, 39, '75', 0, NULL),
(956, 39, '76', 0, NULL),
(957, 39, '77', 0, NULL),
(958, 39, '78', 0, NULL),
(959, 39, '79', 0, NULL),
(960, 39, '80', 0, NULL),
(961, 39, '81', 0, NULL),
(962, 39, '82', 0, NULL),
(963, 39, '83', 0, NULL),
(964, 39, '84', 0, NULL),
(965, 39, '85', 0, NULL),
(966, 39, '86', 0, NULL),
(967, 39, '87', 0, NULL),
(968, 39, '88', 0, NULL),
(969, 39, '89', 0, NULL),
(970, 39, '90', 0, NULL),
(971, 39, '91', 0, NULL),
(972, 39, '92', 0, NULL),
(973, 39, '93', 0, NULL),
(974, 39, '94', 0, NULL),
(975, 39, '95', 0, NULL),
(976, 39, '96', 0, NULL),
(977, 39, '97', 0, NULL),
(978, 39, '98', 0, NULL),
(979, 39, '99', 0, NULL),
(980, 39, '100', 0, NULL),
(981, 40, '1', 0, NULL),
(982, 40, '2', 0, NULL),
(983, 40, '3', 0, NULL),
(984, 40, '4', 0, NULL),
(985, 40, '5', 0, NULL),
(986, 40, '6', 0, NULL),
(987, 40, '7', 0, NULL),
(988, 40, '8', 0, NULL),
(989, 40, '9', 0, NULL),
(990, 40, '10', 0, NULL),
(991, 40, '11', 0, NULL),
(992, 40, '12', 0, NULL),
(993, 40, '13', 0, NULL),
(994, 40, '14', 0, NULL),
(995, 40, '15', 0, NULL),
(996, 40, '16', 0, NULL),
(997, 40, '17', 0, NULL),
(998, 40, '18', 0, NULL),
(999, 40, '19', 0, NULL),
(1000, 40, '20', 0, NULL),
(1001, 40, '21', 0, NULL),
(1002, 40, '22', 0, NULL),
(1003, 40, '23', 0, NULL),
(1004, 40, '24', 0, NULL),
(1005, 40, '25', 0, NULL),
(1006, 40, '26', 0, NULL),
(1007, 40, '27', 0, NULL),
(1008, 40, '28', 0, NULL),
(1009, 40, '29', 0, NULL),
(1010, 40, '30', 0, NULL),
(1011, 40, '31', 0, NULL),
(1012, 40, '32', 0, NULL),
(1013, 40, '33', 0, NULL),
(1014, 40, '34', 0, NULL),
(1015, 40, '35', 0, NULL),
(1016, 40, '36', 0, NULL),
(1017, 40, '37', 0, NULL),
(1018, 40, '38', 0, NULL),
(1019, 40, '39', 0, NULL),
(1020, 40, '40', 0, NULL),
(1021, 40, '41', 0, NULL),
(1022, 40, '42', 0, NULL),
(1023, 40, '43', 0, NULL),
(1024, 40, '44', 0, NULL),
(1025, 40, '45', 0, NULL),
(1026, 40, '46', 0, NULL),
(1027, 40, '47', 0, NULL),
(1028, 40, '48', 0, NULL),
(1029, 40, '49', 0, NULL),
(1030, 40, '50', 0, NULL),
(1031, 40, '51', 0, NULL),
(1032, 40, '52', 0, NULL),
(1033, 40, '53', 0, NULL),
(1034, 40, '54', 0, NULL),
(1035, 40, '55', 0, NULL),
(1036, 40, '56', 0, NULL),
(1037, 40, '57', 0, NULL),
(1038, 40, '58', 0, NULL),
(1039, 40, '59', 0, NULL),
(1040, 40, '60', 0, NULL),
(1041, 40, '61', 0, NULL),
(1042, 40, '62', 0, NULL),
(1043, 40, '63', 0, NULL),
(1044, 40, '64', 0, NULL),
(1045, 40, '65', 0, NULL),
(1046, 40, '66', 0, NULL),
(1047, 40, '67', 0, NULL),
(1048, 40, '68', 0, NULL),
(1049, 40, '69', 0, NULL),
(1050, 40, '70', 0, NULL),
(1051, 40, '71', 0, NULL),
(1052, 40, '72', 0, NULL),
(1053, 40, '73', 0, NULL),
(1054, 40, '74', 0, NULL),
(1055, 40, '75', 0, NULL),
(1056, 40, '76', 0, NULL),
(1057, 40, '77', 0, NULL),
(1058, 40, '78', 0, NULL),
(1059, 40, '79', 0, NULL),
(1060, 40, '80', 0, NULL),
(1061, 40, '81', 0, NULL),
(1062, 40, '82', 0, NULL),
(1063, 40, '83', 0, NULL),
(1064, 40, '84', 0, NULL),
(1065, 40, '85', 0, NULL),
(1066, 40, '86', 0, NULL),
(1067, 40, '87', 0, NULL),
(1068, 40, '88', 0, NULL),
(1069, 40, '89', 0, NULL),
(1070, 40, '90', 0, NULL),
(1071, 40, '91', 0, NULL),
(1072, 40, '92', 0, NULL),
(1073, 40, '93', 0, NULL),
(1074, 40, '94', 0, NULL),
(1075, 40, '95', 0, NULL),
(1076, 40, '96', 0, NULL),
(1077, 40, '97', 0, NULL),
(1078, 40, '98', 0, NULL),
(1079, 40, '99', 0, NULL),
(1080, 40, '100', 0, NULL),
(1081, 41, '1', 0, NULL),
(1082, 41, '2', 0, NULL),
(1083, 41, '3', 0, NULL),
(1084, 41, '4', 0, NULL),
(1085, 41, '5', 0, NULL),
(1086, 41, '6', 0, NULL),
(1087, 41, '7', 0, NULL),
(1088, 41, '8', 0, NULL),
(1089, 41, '9', 0, NULL),
(1090, 41, '10', 0, NULL),
(1091, 41, '11', 0, NULL),
(1092, 41, '12', 0, NULL),
(1093, 41, '13', 0, NULL),
(1094, 41, '14', 0, NULL),
(1095, 41, '15', 0, NULL),
(1096, 41, '16', 0, NULL),
(1097, 41, '17', 0, NULL),
(1098, 41, '18', 0, NULL),
(1099, 41, '19', 0, NULL),
(1100, 41, '20', 0, NULL),
(1101, 41, '21', 0, NULL),
(1102, 41, '22', 0, NULL),
(1103, 41, '23', 0, NULL),
(1104, 41, '24', 0, NULL),
(1105, 41, '25', 0, NULL),
(1106, 41, '26', 0, NULL),
(1107, 41, '27', 0, NULL),
(1108, 41, '28', 0, NULL),
(1109, 41, '29', 0, NULL),
(1110, 41, '30', 0, NULL),
(1111, 41, '31', 0, NULL),
(1112, 41, '32', 0, NULL),
(1113, 41, '33', 0, NULL),
(1114, 41, '34', 0, NULL),
(1115, 41, '35', 0, NULL),
(1116, 41, '36', 0, NULL),
(1117, 41, '37', 0, NULL),
(1118, 41, '38', 0, NULL),
(1119, 41, '39', 0, NULL),
(1120, 41, '40', 0, NULL),
(1121, 41, '41', 0, NULL),
(1122, 41, '42', 0, NULL),
(1123, 41, '43', 0, NULL),
(1124, 41, '44', 0, NULL),
(1125, 41, '45', 0, NULL),
(1126, 41, '46', 0, NULL),
(1127, 41, '47', 0, NULL),
(1128, 41, '48', 0, NULL),
(1129, 41, '49', 0, NULL),
(1130, 41, '50', 0, NULL),
(1131, 41, '51', 0, NULL),
(1132, 41, '52', 0, NULL),
(1133, 41, '53', 0, NULL),
(1134, 41, '54', 0, NULL),
(1135, 41, '55', 0, NULL),
(1136, 41, '56', 0, NULL),
(1137, 41, '57', 0, NULL),
(1138, 41, '58', 0, NULL),
(1139, 41, '59', 0, NULL),
(1140, 41, '60', 0, NULL),
(1141, 41, '61', 0, NULL),
(1142, 41, '62', 0, NULL),
(1143, 41, '63', 0, NULL),
(1144, 41, '64', 0, NULL),
(1145, 41, '65', 0, NULL),
(1146, 41, '66', 0, NULL),
(1147, 41, '67', 0, NULL),
(1148, 41, '68', 0, NULL),
(1149, 41, '69', 0, NULL),
(1150, 41, '70', 0, NULL),
(1151, 41, '71', 0, NULL),
(1152, 41, '72', 0, NULL),
(1153, 41, '73', 0, NULL),
(1154, 41, '74', 0, NULL),
(1155, 41, '75', 0, NULL),
(1156, 41, '76', 0, NULL),
(1157, 41, '77', 0, NULL),
(1158, 41, '78', 0, NULL),
(1159, 41, '79', 0, NULL),
(1160, 41, '80', 0, NULL),
(1161, 41, '81', 0, NULL),
(1162, 41, '82', 0, NULL),
(1163, 41, '83', 0, NULL),
(1164, 41, '84', 0, NULL),
(1165, 41, '85', 0, NULL),
(1166, 41, '86', 0, NULL),
(1167, 41, '87', 0, NULL),
(1168, 41, '88', 0, NULL),
(1169, 41, '89', 0, NULL),
(1170, 41, '90', 0, NULL),
(1171, 41, '91', 0, NULL),
(1172, 41, '92', 0, NULL),
(1173, 41, '93', 0, NULL),
(1174, 41, '94', 0, NULL),
(1175, 41, '95', 0, NULL),
(1176, 41, '96', 0, NULL),
(1177, 41, '97', 0, NULL),
(1178, 41, '98', 0, NULL),
(1179, 41, '99', 0, NULL),
(1180, 41, '100', 0, NULL),
(1181, 42, '1', 0, NULL),
(1182, 42, '2', 0, NULL),
(1183, 42, '3', 1, 35),
(1184, 42, '4', 0, NULL),
(1185, 42, '5', 0, NULL),
(1186, 42, '6', 0, NULL),
(1187, 42, '7', 0, NULL),
(1188, 42, '8', 0, NULL),
(1189, 42, '9', 0, NULL),
(1190, 42, '10', 0, NULL),
(1191, 42, '11', 0, NULL),
(1192, 42, '12', 0, NULL),
(1193, 42, '13', 0, NULL),
(1194, 42, '14', 0, NULL),
(1195, 42, '15', 0, NULL),
(1196, 42, '16', 0, NULL),
(1197, 42, '17', 0, NULL),
(1198, 42, '18', 0, NULL),
(1199, 42, '19', 0, NULL),
(1200, 42, '20', 0, NULL),
(1201, 42, '21', 0, NULL),
(1202, 42, '22', 0, NULL),
(1203, 42, '23', 0, NULL),
(1204, 42, '24', 0, NULL),
(1205, 42, '25', 0, NULL),
(1206, 42, '26', 0, NULL),
(1207, 42, '27', 0, NULL),
(1208, 42, '28', 0, NULL),
(1209, 42, '29', 0, NULL),
(1210, 42, '30', 0, NULL),
(1211, 42, '31', 0, NULL),
(1212, 42, '32', 0, NULL),
(1213, 42, '33', 0, NULL),
(1214, 42, '34', 0, NULL),
(1215, 42, '35', 0, NULL),
(1216, 42, '36', 0, NULL),
(1217, 42, '37', 0, NULL),
(1218, 42, '38', 0, NULL),
(1219, 42, '39', 0, NULL),
(1220, 42, '40', 0, NULL),
(1221, 42, '41', 0, NULL),
(1222, 42, '42', 0, NULL),
(1223, 42, '43', 0, NULL),
(1224, 42, '44', 0, NULL),
(1225, 42, '45', 0, NULL),
(1226, 42, '46', 0, NULL),
(1227, 42, '47', 0, NULL),
(1228, 42, '48', 0, NULL),
(1229, 42, '49', 0, NULL),
(1230, 42, '50', 0, NULL),
(1231, 42, '51', 0, NULL),
(1232, 42, '52', 0, NULL),
(1233, 42, '53', 0, NULL),
(1234, 42, '54', 0, NULL),
(1235, 42, '55', 0, NULL),
(1236, 42, '56', 0, NULL),
(1237, 42, '57', 0, NULL),
(1238, 42, '58', 0, NULL),
(1239, 42, '59', 0, NULL),
(1240, 42, '60', 0, NULL),
(1241, 42, '61', 0, NULL),
(1242, 42, '62', 0, NULL),
(1243, 42, '63', 0, NULL),
(1244, 42, '64', 0, NULL),
(1245, 42, '65', 0, NULL),
(1246, 42, '66', 0, NULL),
(1247, 42, '67', 0, NULL),
(1248, 42, '68', 0, NULL),
(1249, 42, '69', 0, NULL),
(1250, 42, '70', 0, NULL),
(1251, 42, '71', 0, NULL),
(1252, 42, '72', 0, NULL),
(1253, 42, '73', 0, NULL),
(1254, 42, '74', 0, NULL),
(1255, 42, '75', 0, NULL),
(1256, 42, '76', 0, NULL),
(1257, 42, '77', 0, NULL),
(1258, 42, '78', 0, NULL),
(1259, 42, '79', 0, NULL),
(1260, 42, '80', 0, NULL),
(1261, 42, '81', 0, NULL),
(1262, 42, '82', 0, NULL),
(1263, 42, '83', 0, NULL),
(1264, 42, '84', 0, NULL),
(1265, 42, '85', 0, NULL),
(1266, 42, '86', 0, NULL),
(1267, 42, '87', 0, NULL),
(1268, 42, '88', 0, NULL),
(1269, 42, '89', 0, NULL),
(1270, 42, '90', 0, NULL),
(1271, 42, '91', 0, NULL),
(1272, 42, '92', 0, NULL),
(1273, 42, '93', 0, NULL),
(1274, 42, '94', 0, NULL),
(1275, 42, '95', 0, NULL),
(1276, 42, '96', 0, NULL),
(1277, 42, '97', 0, NULL),
(1278, 42, '98', 0, NULL),
(1279, 42, '99', 0, NULL),
(1280, 42, '100', 0, NULL),
(1281, 43, '1', 0, NULL),
(1282, 43, '2', 0, NULL),
(1283, 43, '3', 0, NULL),
(1284, 43, '4', 0, NULL),
(1285, 43, '5', 0, NULL),
(1286, 43, '6', 0, NULL),
(1287, 43, '7', 0, NULL),
(1288, 43, '8', 0, NULL),
(1289, 43, '9', 0, NULL),
(1290, 43, '10', 0, NULL),
(1291, 44, '1', 0, NULL),
(1292, 44, '2', 0, NULL),
(1293, 44, '3', 0, NULL),
(1294, 44, '4', 0, NULL),
(1295, 44, '5', 0, NULL),
(1296, 44, '6', 0, NULL),
(1297, 44, '7', 0, NULL),
(1298, 44, '8', 0, NULL),
(1299, 44, '9', 0, NULL),
(1300, 44, '10', 0, NULL),
(1301, 44, '11', 0, NULL),
(1302, 44, '12', 0, NULL),
(1303, 44, '13', 0, NULL),
(1304, 44, '14', 0, NULL),
(1305, 44, '15', 0, NULL),
(1306, 44, '16', 0, NULL),
(1307, 44, '17', 0, NULL),
(1308, 44, '18', 0, NULL),
(1309, 44, '19', 0, NULL),
(1310, 44, '20', 0, NULL),
(1311, 44, '21', 0, NULL),
(1312, 44, '22', 0, NULL),
(1313, 44, '23', 0, NULL),
(1314, 44, '24', 0, NULL),
(1315, 44, '25', 0, NULL),
(1316, 44, '26', 0, NULL),
(1317, 44, '27', 0, NULL),
(1318, 44, '28', 0, NULL),
(1319, 44, '29', 0, NULL),
(1320, 44, '30', 0, NULL),
(1321, 45, '1', 0, NULL),
(1322, 45, '2', 0, NULL),
(1323, 45, '3', 0, NULL),
(1324, 45, '4', 0, NULL),
(1325, 45, '5', 0, NULL),
(1326, 45, '6', 0, NULL),
(1327, 45, '7', 0, NULL),
(1328, 45, '8', 0, NULL),
(1329, 45, '9', 0, NULL),
(1330, 45, '10', 0, NULL),
(1331, 45, '11', 0, NULL),
(1332, 45, '12', 0, NULL),
(1333, 45, '13', 0, NULL),
(1334, 45, '14', 0, NULL),
(1335, 45, '15', 0, NULL),
(1336, 45, '16', 0, NULL),
(1337, 45, '17', 0, NULL),
(1338, 45, '18', 0, NULL),
(1339, 45, '19', 0, NULL),
(1340, 45, '20', 0, NULL),
(1341, 45, '21', 0, NULL),
(1342, 45, '22', 0, NULL),
(1343, 45, '23', 0, NULL),
(1344, 45, '24', 0, NULL),
(1345, 45, '25', 0, NULL),
(1346, 46, '1', 0, NULL),
(1347, 46, '2', 0, NULL),
(1348, 46, '3', 0, NULL),
(1349, 46, '4', 0, NULL),
(1350, 46, '5', 0, NULL),
(1351, 46, '6', 0, NULL),
(1352, 46, '7', 0, NULL),
(1353, 46, '8', 0, NULL),
(1354, 46, '9', 0, NULL),
(1355, 46, '10', 0, NULL),
(1356, 47, '1', 0, NULL),
(1357, 47, '2', 0, NULL),
(1358, 47, '3', 0, NULL),
(1359, 47, '4', 0, NULL),
(1360, 47, '5', 0, NULL),
(1361, 47, '6', 0, NULL),
(1362, 47, '7', 0, NULL),
(1363, 47, '8', 0, NULL),
(1364, 48, '1', 0, NULL),
(1365, 48, '2', 0, NULL),
(1366, 48, '3', 0, NULL),
(1367, 48, '4', 0, NULL),
(1368, 48, '5', 0, NULL);

-- --------------------------------------------------------

--
-- Struktur dari tabel `tickets`
--

CREATE TABLE `tickets` (
  `id` int(11) NOT NULL,
  `type` enum('pesawat','kapal','kereta','penginapan','kendaraan') NOT NULL,
  `name` varchar(100) NOT NULL,
  `origin` varchar(100) NOT NULL,
  `destination` varchar(100) NOT NULL,
  `address` text DEFAULT NULL,
  `depart_date` date NOT NULL,
  `depart_time` time NOT NULL,
  `check_in_date` date DEFAULT NULL,
  `check_out_date` date DEFAULT NULL,
  `rental_start_date` datetime DEFAULT NULL,
  `rental_end_date` datetime DEFAULT NULL,
  `return_date` date DEFAULT NULL,
  `price` decimal(15,2) NOT NULL,
  `with_driver` tinyint(1) DEFAULT 0,
  `num_guests` int(11) DEFAULT NULL,
  `room_type` varchar(100) DEFAULT NULL,
  `vehicle_brand` varchar(100) DEFAULT NULL,
  `vehicle_model` varchar(100) DEFAULT NULL,
  `vehicle_year` int(11) DEFAULT NULL,
  `image` varchar(255) DEFAULT NULL,
  `total_seats` int(11) NOT NULL DEFAULT 30,
  `created_at` timestamp NOT NULL DEFAULT current_timestamp()
) ENGINE=InnoDB DEFAULT CHARSET=utf8mb4 COLLATE=utf8mb4_general_ci;

--
-- Dumping data untuk tabel `tickets`
--

INSERT INTO `tickets` (`id`, `type`, `name`, `origin`, `destination`, `address`, `depart_date`, `depart_time`, `check_in_date`, `check_out_date`, `rental_start_date`, `rental_end_date`, `return_date`, `price`, `with_driver`, `num_guests`, `room_type`, `vehicle_brand`, `vehicle_model`, `vehicle_year`, `image`, `total_seats`, `created_at`) VALUES
(34, 'pesawat', 'Lion Air', 'Jakarta (CGK)', 'Surabaya (SUB)', NULL, '2025-08-27', '10:00:00', NULL, NULL, NULL, NULL, NULL, 1300000.00, 0, NULL, NULL, NULL, NULL, NULL, 'ticket_1752996838_3b2e0eb943.jpeg', 50, '2025-07-20 07:33:58'),
(35, 'pesawat', 'Citilink', 'Surabaya (SUB)', 'Balikpapan (BPN)', NULL, '2025-08-24', '12:00:00', NULL, NULL, NULL, NULL, NULL, 1800000.00, 0, NULL, NULL, NULL, NULL, NULL, 'ticket_1752996907_736e9df8bd.jpg', 50, '2025-07-20 07:35:07'),
(36, 'pesawat', 'Batik Air', 'Jakarta (CGK)', 'Yogyakarta (YIA)', NULL, '2025-08-16', '08:30:00', NULL, NULL, NULL, NULL, NULL, 1100000.00, 0, NULL, NULL, NULL, NULL, NULL, 'ticket_1752996955_8d5371f403.jpg', 50, '2025-07-20 07:35:55'),
(37, 'kapal', 'KM Dorolonda', 'Surabaya (SUB)', 'Makassar (UPG)', NULL, '2025-08-29', '15:45:00', NULL, NULL, NULL, NULL, NULL, 420000.00, 0, NULL, NULL, NULL, NULL, NULL, 'ticket_1752997106_92c68dd7c0.jpeg', 100, '2025-07-20 07:38:26'),
(38, 'kapal', 'KM Bukit Siguntang', 'Makassar (UPG)', 'Balikpapan (BPN)', NULL, '2025-08-22', '10:45:00', NULL, NULL, NULL, NULL, NULL, 400000.00, 0, NULL, NULL, NULL, NULL, NULL, 'ticket_1752997160_5dd74ce63b.jpeg', 100, '2025-07-20 07:39:20'),
(39, 'kapal', 'KM Kelud', 'Jakarta (JKT)', 'Medan (MDN)', NULL, '2025-08-27', '15:00:00', NULL, NULL, NULL, NULL, NULL, 350000.00, 0, NULL, NULL, NULL, NULL, NULL, 'ticket_1752997397_4374fac0a5.jpg', 100, '2025-07-20 07:43:17'),
(40, 'kereta', 'Argo Bromo Anggrek', 'Jakarta (GMR)', 'Surabaya (SGU)', NULL, '2025-08-24', '08:00:00', NULL, NULL, NULL, NULL, NULL, 450000.00, 0, NULL, NULL, NULL, NULL, NULL, 'ticket_1752997467_61b8a50b13.jpeg', 100, '2025-07-20 07:44:27'),
(41, 'kereta', 'Gajayana', 'Jakarta (GMR)', 'Malang (ML)', NULL, '2025-08-30', '10:00:00', NULL, NULL, NULL, NULL, NULL, 400000.00, 0, NULL, NULL, NULL, NULL, NULL, 'ticket_1752997530_2c057c1b98.jpeg', 100, '2025-07-20 07:45:30'),
(42, 'kereta', 'Taksaka', 'Jakarta (GMR)', 'Yogyakarta (YK)', NULL, '2025-08-25', '12:00:00', NULL, NULL, NULL, NULL, NULL, 350000.00, 0, NULL, NULL, NULL, NULL, NULL, 'ticket_1752997668_7b0e4fcbee.jpeg', 100, '2025-07-20 07:47:48'),
(43, 'penginapan', 'Villa Asri', '', 'Bali', 'Jl. Raya Seminyak No. 5, Kuta, Bali', '0000-00-00', '00:00:00', '2025-08-19', NULL, NULL, NULL, NULL, 1200000.00, 0, NULL, NULL, NULL, NULL, NULL, 'ticket_1752997737_d5b1c950a0.jpg', 10, '2025-07-20 07:48:57'),
(44, 'penginapan', 'Hotel Bintang Laut', '', 'Lombok', 'Jl. Pantai Senggigi No. 8, Lombok', '0000-00-00', '00:00:00', '2025-08-30', NULL, NULL, NULL, NULL, 500000.00, 0, NULL, NULL, NULL, NULL, NULL, 'ticket_1752997786_38fe0e7802.jpg', 30, '2025-07-20 07:49:46'),
(45, 'penginapan', 'Resort Bukit Indah', '', 'Bogor', 'Jl. Puncak Pass No. 3, Bogor', '0000-00-00', '00:00:00', '2025-08-23', NULL, NULL, NULL, NULL, 900000.00, 0, NULL, NULL, NULL, NULL, NULL, 'ticket_1752997826_4dbb9bdac5.jpg', 25, '2025-07-20 07:50:26'),
(46, 'kendaraan', 'Jakarta Rent Car', 'Jakarta', '', NULL, '0000-00-00', '00:00:00', NULL, NULL, '2025-08-28 08:00:00', NULL, NULL, 350000.00, 0, NULL, NULL, 'Toyota', 'Avanza', 2020, 'ticket_1752997915_f8330ee2a9.png', 10, '2025-07-20 07:51:55'),
(47, 'kendaraan', 'Bali Paradise Rental', 'Bali', '', NULL, '0000-00-00', '00:00:00', NULL, NULL, '2025-08-26 10:00:00', NULL, NULL, 500000.00, 0, NULL, NULL, 'Mitsubishi', 'Xpander', 2021, 'ticket_1752997968_5dac0d1e25.jpeg', 8, '2025-07-20 07:52:48'),
(48, 'kendaraan', 'Jogja Trans Service', 'Yogyakarta', '', NULL, '0000-00-00', '00:00:00', NULL, NULL, '2025-08-31 10:00:00', NULL, NULL, 700000.00, 0, NULL, NULL, 'Honda', 'CR-V', 2019, 'ticket_1752998030_f6b2460771.jpg', 5, '2025-07-20 07:53:50');

-- --------------------------------------------------------

--
-- Struktur dari tabel `users`
--

CREATE TABLE `users` (
  `id` int(11) NOT NULL,
  `username` varchar(50) NOT NULL,
  `password` varchar(255) NOT NULL,
  `role` enum('admin','user') NOT NULL,
  `created_at` timestamp NOT NULL DEFAULT current_timestamp(),
  `balance` decimal(10,2) NOT NULL DEFAULT 0.00 COMMENT 'User current balance'
) ENGINE=InnoDB DEFAULT CHARSET=utf8mb4 COLLATE=utf8mb4_general_ci;

--
-- Dumping data untuk tabel `users`
--

INSERT INTO `users` (`id`, `username`, `password`, `role`, `created_at`, `balance`) VALUES
(37, 'u', '$2y$10$7ipjwJdzdCeuziGvpAacs.02f3d12SR8LkNIb0XyBnRLfye2p42sm', 'user', '2025-07-21 03:27:30', 77979999.99),
(38, 'a', '$2y$10$WD.45ofMNfXIAyCq6lqVi.sBwTwy2.C9oFeBNg5PawdzZVJqQFUxC', 'admin', '2025-07-21 03:33:30', 0.00);

--
-- Indexes for dumped tables
--

--
-- Indeks untuk tabel `balance_transactions`
--
ALTER TABLE `balance_transactions`
  ADD PRIMARY KEY (`id`),
  ADD KEY `user_id` (`user_id`),
  ADD KEY `related_order_id` (`related_order_id`);

--
-- Indeks untuk tabel `orders`
--
ALTER TABLE `orders`
  ADD PRIMARY KEY (`id`),
  ADD KEY `user_id` (`user_id`),
  ADD KEY `ticket_id` (`ticket_id`);

--
-- Indeks untuk tabel `pengaduan`
--
ALTER TABLE `pengaduan`
  ADD PRIMARY KEY (`id`);

--
-- Indeks untuk tabel `seats`
--
ALTER TABLE `seats`
  ADD PRIMARY KEY (`id`),
  ADD KEY `ticket_id` (`ticket_id`),
  ADD KEY `order_id` (`order_id`);

--
-- Indeks untuk tabel `tickets`
--
ALTER TABLE `tickets`
  ADD PRIMARY KEY (`id`);

--
-- Indeks untuk tabel `users`
--
ALTER TABLE `users`
  ADD PRIMARY KEY (`id`),
  ADD UNIQUE KEY `username` (`username`);

--
-- AUTO_INCREMENT untuk tabel yang dibuang
--

--
-- AUTO_INCREMENT untuk tabel `balance_transactions`
--
ALTER TABLE `balance_transactions`
  MODIFY `id` int(11) NOT NULL AUTO_INCREMENT, AUTO_INCREMENT=22;

--
-- AUTO_INCREMENT untuk tabel `orders`
--
ALTER TABLE `orders`
  MODIFY `id` int(11) NOT NULL AUTO_INCREMENT, AUTO_INCREMENT=39;

--
-- AUTO_INCREMENT untuk tabel `pengaduan`
--
ALTER TABLE `pengaduan`
  MODIFY `id` int(11) NOT NULL AUTO_INCREMENT, AUTO_INCREMENT=14;

--
-- AUTO_INCREMENT untuk tabel `seats`
--
ALTER TABLE `seats`
  MODIFY `id` int(11) NOT NULL AUTO_INCREMENT, AUTO_INCREMENT=1369;

--
-- AUTO_INCREMENT untuk tabel `tickets`
--
ALTER TABLE `tickets`
  MODIFY `id` int(11) NOT NULL AUTO_INCREMENT, AUTO_INCREMENT=49;

--
-- AUTO_INCREMENT untuk tabel `users`
--
ALTER TABLE `users`
  MODIFY `id` int(11) NOT NULL AUTO_INCREMENT, AUTO_INCREMENT=39;

--
-- Ketidakleluasaan untuk tabel pelimpahan (Dumped Tables)
--

--
-- Ketidakleluasaan untuk tabel `balance_transactions`
--
ALTER TABLE `balance_transactions`
  ADD CONSTRAINT `balance_transactions_ibfk_1` FOREIGN KEY (`user_id`) REFERENCES `users` (`id`) ON DELETE CASCADE,
  ADD CONSTRAINT `balance_transactions_ibfk_2` FOREIGN KEY (`related_order_id`) REFERENCES `orders` (`id`) ON DELETE SET NULL;

--
-- Ketidakleluasaan untuk tabel `orders`
--
ALTER TABLE `orders`
  ADD CONSTRAINT `orders_ibfk_1` FOREIGN KEY (`user_id`) REFERENCES `users` (`id`) ON DELETE CASCADE,
  ADD CONSTRAINT `orders_ibfk_2` FOREIGN KEY (`ticket_id`) REFERENCES `tickets` (`id`) ON DELETE CASCADE;

--
-- Ketidakleluasaan untuk tabel `seats`
--
ALTER TABLE `seats`
  ADD CONSTRAINT `seats_ibfk_1` FOREIGN KEY (`ticket_id`) REFERENCES `tickets` (`id`) ON DELETE CASCADE,
  ADD CONSTRAINT `seats_ibfk_2` FOREIGN KEY (`order_id`) REFERENCES `orders` (`id`) ON DELETE SET NULL;
COMMIT;

/*!40101 SET CHARACTER_SET_CLIENT=@OLD_CHARACTER_SET_CLIENT */;
/*!40101 SET CHARACTER_SET_RESULTS=@OLD_CHARACTER_SET_RESULTS */;
/*!40101 SET COLLATION_CONNECTION=@OLD_COLLATION_CONNECTION */;
